"Region","Dinucleotide","Intercept","Std.Error_Intercept","t.value_Intercept","p.value_Intercept","Coefficient_ln_lifespan_c","Std.Error_ln_lifespan_c","t.value_ln_lifespan_c","p.value_ln_lifespan_c","Coefficient_ln_Genome_Size_c","Std.Error_ln_Genome_Size_c","t.value_ln_Genome_Size_c","p.value_ln_Genome_Size_c","Coefficient_Interaction","Std.Error_Interaction","t.value_Interaction","p.value_Interaction","Lambda","N_species","p.adjusted.fdr_Intercept","p.adjusted.fdr_ln_lifespan_c","p.adjusted.fdr_ln_Genome_Size_c","p.adjusted.fdr_Interaction"
"downstream1","AA_Rate",0.106359765022154,0.0701990592563708,1.51511667177365,0.130426705383243,-0.000899600907819483,0.000442307884688078,-2.03387942870133,0.0425345748885206,-0.000323155540770056,0.000933149411511438,-0.346306322206896,0.729270176187882,0.000279316303159309,0.000361133067287888,0.773444274314108,0.439655053074511,0.99830359328622,466,0.204724683286174,0.105903958084787,0.784116083585592,0.835447227309176
"downstream1","AC_Rate",0.0545872980964569,0.0149889795115503,3.64182885528616,0.000301347447379074,0.00036478871445197,0.000127670024125802,2.85727771221003,0.00446577633429869,0.000637113792720232,0.000258084421348143,2.46862553497872,0.0139242053766583,0.0002488874384604,0.000102492772488455,2.42834135927423,0.0155487989100396,0.996111041852157,466,0.00234749982119802,0.0283215761868552,0.0545496143791272,0.300610112260766
"downstream1","AG_Rate",0.0756390906801339,0.0207805713793778,3.63989465444614,0.000303556011361813,0.000275530673377022,0.000154500719546712,1.78336174864038,0.0751837997671618,0.00104891102938487,0.000318144482543154,3.29696438863307,0.00105271752505892,0.000196077940266981,0.00012507400395122,1.56769539690641,0.11763687118362,0.997309960732815,466,0.00234749982119802,0.164553222131901,0.00872251663620247,0.560824678449781
"downstream1","AT_Rate",0.0743709702567104,0.0483638926598308,1.53773747658819,0.124797385397732,-0.000425764173557994,0.000318009410266701,-1.33884142988386,0.181280690075635,-0.000612534544696942,0.000666617705075027,-0.918869301000642,0.358643413009631,-0.000305677045181749,0.000259121305190129,-1.17966774271015,0.238739475158026,0.998086881268439,466,0.204724683286174,0.297863077331333,0.513612789001447,0.649340449759214
"downstream1","CA_Rate",0.0725752147107812,0.0187971190837517,3.86097541795729,0.000129033254166796,0.000398705924166455,0.000135081239191075,2.95160102582772,0.00332217247793941,0.000303765736430883,0.00027950334232781,1.08680538093393,0.277689518959811,0.000189901830594867,0.000109561540610447,1.73328915910442,0.0837114948410606,0.997550252267568,466,0.00136948330132622,0.0244156931830743,0.441260057525179,0.491988342557293
"downstream1","CC_Rate",0.0408449773485413,0.0391392711096276,1.04358042933748,0.297225293000339,0.00010688423523301,0.000254288850572193,0.420326077971967,0.674442686749105,0.000414269219100227,0.000534001984064942,0.775782172093665,0.438274543833918,0.000238777288056616,0.000207320729846532,1.15172895751124,0.250028123549115,0.998150224482795,466,0.338503556586339,0.731171510868189,0.564887189830383,0.649340449759214
"downstream1","CG_Rate",0.0324824106247021,0.0426275387667752,0.762005303717407,0.44644566440835,-0.000263760898474513,0.000330731779614175,-0.797506967072263,0.425566346513181,0.000568390978809751,0.000677003624281737,0.839568590807446,0.401584545638482,9.98223168582988e-05,0.000267072483058266,0.373764888524743,0.708750703005805,0.996977613606714,466,0.454278044485689,0.543526553591427,0.53898424293025,0.938981050881708
"downstream1","CT_Rate",0.0526597125291608,0.0205166920135648,2.56667656239829,0.0105817777196446,0.000230081551141728,0.000149849293954509,1.53541965444012,0.125365300458877,-0.000477963535525957,0.000309343948509532,-1.54508771814952,0.12300972645107,-3.17700378557494e-05,0.00012143050799028,-0.26163143333216,0.793722206563816,0.997438273551429,466,0.028546191057646,0.227224607081715,0.259438695787711,0.943647020528443
"downstream1","GA_Rate",0.0819862551842035,0.0172141189316216,4.76273316745816,2.56062914176446e-06,-0.000154470363370336,0.00015191479063715,-1.01682240894693,0.309770109489179,0.000586797582776932,0.00030568926429279,1.91958845572966,0.0555254614745514,0.000159211208844487,0.000121667927818299,1.30857171400384,0.191330050627825,0.995724495962057,466,9.90109934815593e-05,0.432931719286081,0.149789617001115,0.634122453509361
"downstream1","GC_Rate",0.046835777245228,0.0451917760641409,1.03637832641837,0.300567813175801,0.00019245858871331,0.000257981629679098,0.74601664061394,0.456036772641477,0.000502443392887706,0.000552643961947348,0.909162910451873,0.363738172961497,2.77764406934829e-06,0.000211532080607508,0.0131310771461759,0.989528885724009,0.998720747067876,466,0.338503556586339,0.568820060499046,0.514556439799191,0.998213500342488
"downstream1","GG_Rate",0.0499894445342135,0.0379054026061303,1.31879471255448,0.187891079869747,0.000344891653099646,0.000201298809009979,1.71333181152875,0.0873223562762862,0.000113943961293174,0.000436198572127104,0.261220390377555,0.794038959488104,-0.000151534685009662,0.000165511351322495,-0.915554635974179,0.360378153788156,0.99896364332121,466,0.236906144183595,0.184170787782713,0.837350175460182,0.750262497953174
"downstream1","GT_Rate",0.0512911963785036,0.0114397517824791,4.48359346896496,9.26955151171978e-06,0.000425520824552078,0.000113864889088883,3.73706792284245,0.000209499109684829,-0.000119581806102287,0.000225746529162696,-0.529717141370107,0.596562518375847,-0.000107043958844145,9.04202850182167e-05,-1.18384894299525,0.237081604728152,0.994125715038652,466,0.000215053595071899,0.00607547418086005,0.699002546783821,0.649340449759214
"downstream1","TA_Rate",0.05226212005655,0.0520962895485156,1.00318315391502,0.316297625143593,-0.000165155191996519,0.000283730325139359,-0.58208509053588,0.560793300092879,0.000363231532918598,0.000612346392707916,0.593179836190946,0.553351068397428,-0.00013934851230717,0.000233070286914729,-0.597881927172261,0.55021167353997,0.998884147507301,466,0.344648503051486,0.657091139502767,0.667671679762134,0.887919051527268
"downstream1","TC_Rate",0.0552122447479058,0.0238522762564032,2.31475789372865,0.0210636924608164,-0.000147484871639104,0.000153788122564159,-0.959013408708302,0.338053590269174,-0.000878112953481591,0.00032332360335982,-2.71589498680787,0.00685750459369439,-3.47836823122334e-05,0.000125428744065973,-0.277318269996691,0.781659774279344,0.998189628492307,466,0.048867766509094,0.466835910371716,0.0358040730608934,0.943647020528443
"downstream1","TG_Rate",0.0721874508564399,0.0114783235576861,6.28902387126926,7.41279667784177e-10,0.000675162416886746,0.000157630536336078,4.28319558240453,2.24239369584833e-05,-0.000124214303501375,0.000302065899400538,-0.411215909335953,0.681104903271089,-0.000218424844289624,0.000122136285189986,-1.78836980304304,0.0743715129550226,0.986618843902069,466,6.1482336669879e-08,0.00130058834359203,0.757390420629522,0.479283083487924
"downstream1","TT_Rate",0.0806569665075663,0.0572867542693004,1.40795141104355,0.159817970114252,-0.000562028152057208,0.000351538092239523,-1.59876885169607,0.110555608467733,-0.000790930820708401,0.000744647793634148,-1.06215425261435,0.288720556954422,-0.000119498626112872,0.000287365230346728,-0.415842327092555,0.67771846989716,0.998426151379661,466,0.213090626819002,0.213740843037617,0.452588981171796,0.938981050881708
"downstream2","AA_Rate",0.112155603947911,0.0750777176177107,1.49386006270193,0.135894832870995,-0.00127779204301678,0.000413798310899769,-3.08795857633718,0.0021367094453101,-0.000833333915051046,0.000891366284672,-0.934895036284316,0.350330777985885,0.000389405295727566,0.000339760971218568,1.14611544207372,0.252340668288665,0.998844659192664,466,0.204724683286174,0.0226694202861507,0.513016048144718,0.649340449759214
"downstream2","AC_Rate",0.0473324245257659,0.0176639650332083,2.67960361316278,0.00763413362411225,0.000477826995767069,0.000135582293309421,3.52425810261661,0.000466970382002241,0.000406909854000787,0.000277947823001404,1.46397928073979,0.143879671375779,0.000293167461427423,0.000109555564127897,2.67597053386693,0.00771608060624157,0.997064913098875,466,0.0227066538563339,0.00773836633032285,0.282882065755768,0.300610112260766
"downstream2","AG_Rate",0.0525992652788711,0.0309789690471629,1.69790238012095,0.0901995639246491,0.00047861004748083,0.000147429212110556,3.24637187318023,0.00125384113614508,-0.000159876736265315,0.00032519002177428,-0.491640965466916,0.623206672017818,5.3850441529419e-05,0.000121673266032701,0.442582362463632,0.658274976029467,0.99925227625182,466,0.160664868564044,0.0181806964741037,0.716392378295601,0.938981050881708
"downstream2","AT_Rate",0.101166229427464,0.0540587463607952,1.87141279141524,0.0619196217240377,-0.00094693587983976,0.000398724784079542,-2.37491101042481,0.0179605411263848,-0.00129699251722122,0.000821970527391917,-1.57790635308607,0.11527155108992,-0.000424187040137018,0.000322928786811262,-1.31356217674374,0.1896455204891,0.997368247890397,466,0.123839243448075,0.0563087235313685,0.247620369007975,0.634122453509361
"downstream2","CA_Rate",0.0605277646987082,0.030401813970576,1.99092609267622,0.0470775907582819,0.000393380275886024,0.000129611619826976,3.03506951314368,0.00254053848034448,-0.000278578908944969,0.000291073568848126,-0.957073876708892,0.339030514009385,0.000117692540781737,0.00010733377731324,1.09650981944171,0.27342694753689,0.999466165802659,466,0.0992909186901945,0.0226694202861507,0.513016048144718,0.668564456207401
"downstream2","CC_Rate",0.0282119469739575,0.0319828177738812,0.882096980116519,0.378183070738843,0.00030791218096025,0.000204606215313672,1.50490140530778,0.133032754253865,0.00124606111089885,0.000430669918029491,2.89330890952437,0.00399224612692946,0.000259421906755924,0.000166937371479982,1.55400737687446,0.120867387596935,0.998229047903461,466,0.395218344195548,0.233815143840127,0.0257278083735454,0.560824678449781
"downstream2","CG_Rate",0.019960644402597,0.0285329095116663,0.699565685526591,0.48455064698287,-0.000105182613891476,0.000243705215909691,-0.431597713240793,0.666235154357391,0.00105474700948757,0.000492470974793109,2.14174451586854,0.0327363582243471,7.00495806584445e-05,0.000195609525493594,0.358109250976833,0.720425116624758,0.99608209433765,466,0.48455064698287,0.729087527409975,0.0992229112733255,0.938981050881708
"downstream2","CT_Rate",0.051457706815709,0.021809308799381,2.35943776527065,0.0187177582349219,0.000459462471439144,0.000174617296255916,2.63125406984749,0.00879145698031832,-4.6432725378459e-05,0.000355907083648914,-0.130463054858056,0.896256868086604,-0.000136739035004674,0.000140736916241412,-0.971593229811286,0.331761346943313,0.99670814950911,466,0.0443114276581825,0.0398040590470324,0.911980672789878,0.750262497953174
"downstream2","GA_Rate",0.0563887009888893,0.0277712378637424,2.03047128347524,0.042880924515015,0.000161629599116662,0.000157232493538622,1.02796562898088,0.304503880047563,-0.000291286592071646,0.000337258578709327,-0.863689200097999,0.388206811099649,6.64048215967105e-05,0.000128965241464166,0.514904797934735,0.606865800012308,0.998750906669388,466,0.0938525895045612,0.430761586408747,0.529788118677168,0.893402253183135
"downstream2","GC_Rate",0.0318310833605006,0.0381768615303022,0.833779469672625,0.404836134493515,0.000412667640600696,0.00021547012600075,1.91519654376245,0.0560845482959661,0.00127667616295065,0.000462404771910879,2.76094936839603,0.0059927853235568,-2.35210490933458e-05,0.000176754824558096,-0.133071610079955,0.894194687801118,0.998762185340653,466,0.419294567868284,0.135537658381918,0.0347581548766294,0.969407325092801
"downstream2","GG_Rate",0.0321906175373103,0.0391423332487625,0.822399046391238,0.411274065230889,0.000533672525907386,0.000236052459967191,2.26082170879118,0.0242347454156665,0.00160413768468468,0.000501360673175822,3.19956823602341,0.00147104809423069,0.000246630237644201,0.000193108737019062,1.27715732312959,0.202188185465983,0.998502313529415,466,0.422192845723745,0.0702807617054327,0.0113761052620506,0.649340449759214
"downstream2","GT_Rate",0.0598208761834585,0.0324325907097387,1.84446801425259,0.0657549440969439,0.000492333103101409,0.000189335372670562,2.60032288820143,0.00961200851827961,0.000126096205097054,0.000404170903863064,0.31198733974125,0.755190895876256,-6.21460824587052e-06,0.000155104002461503,-0.0400673622037124,0.968056730565032,0.998635482895536,466,0.129280907038059,0.0400155036734573,0.803689393776566,0.993757351730476
"downstream2","TA_Rate",0.0842073281602507,0.0589117346948503,1.42938123612258,0.153570506005355,-0.000582659569666961,0.000369806948414416,-1.57557766874087,0.115807649709471,-0.000372378602514399,0.000780634687606482,-0.477020312351423,0.633573216126927,-0.000230073951645338,0.00030198969240201,-0.76186028011533,0.446532138734215,0.998321417846761,466,0.209578572901425,0.216672376875784,0.720534245791408,0.835447227309176
"downstream2","TC_Rate",0.0528019533955785,0.0198372717672686,2.6617548025279,0.00804438243405371,-9.56177672549429e-06,0.000170817676806409,-0.0559765060868428,0.955384722606607,-0.000886927399106784,0.000344816943159711,-2.57216884698146,0.0104177433407413,-0.000128170703137223,0.00013703273566593,-0.935329084064181,0.350107353689518,0.995995847971815,466,0.0233287090587558,0.963692415846665,0.0447577121305923,0.750262497953174
"downstream2","TG_Rate",0.0751320007151901,0.034515788871282,2.17674296813485,0.030005399438724,0.000548966541445015,0.000190836656618168,2.87663047117517,0.00420544188683248,3.69250590784211e-05,0.000410877480469557,0.0898687828698293,0.928430434880206,-8.63634279998031e-05,0.000156673026038971,-0.551233547875185,0.581740068242003,0.998834027890281,466,0.0682475751939606,0.0283215761868552,0.936503743009599,0.887919051527268
"downstream2","TT_Rate",0.134156874676576,0.0930860326370648,1.44121379841853,0.15020171270776,-0.00158270914251308,0.000493493548937541,-3.20715264854129,0.00143363778859387,-0.0014618045316981,0.00106965486137511,-1.36661327357392,0.172411246901626,-0.000441967327120921,0.000405784141173049,-1.0891685560783,0.276647361189269,0.998968840463254,466,0.207491677456156,0.0184779981640988,0.316493837305617,0.668564456207401
"exon","AA_Rate",0.0996200354363685,0.0690836630094037,1.44202016941123,0.149974208716675,-0.000715072105810238,0.000391190742641203,-1.8279371873227,0.0682037176619595,-0.000333449762866613,0.000839071257153601,-0.397403390979905,0.69125355239842,0.000236548180836198,0.000320860546172797,0.737230499847142,0.461356422919087,0.998750355769801,466,0.207491677456156,0.155130024486025,0.757390420629522,0.837653975510122
"exon","AC_Rate",0.0561565837630369,0.0151964025837681,3.69538668467627,0.000245865639214139,0.00030291750138472,0.000123516948325291,2.45243673432544,0.0145580747244925,0.000433771721850826,0.000251242967511105,1.7265029391585,0.0849254601494758,0.00020827002335069,9.94578379800723e-05,2.09405339569537,0.036799585206535,0.996571302892868,466,0.00219387801144924,0.0496687255306213,0.201048028108963,0.390764102032909
"exon","AG_Rate",0.0723016689698613,0.0202169863628244,3.57628321413975,0.000385261288688853,0.000211044236301094,0.000131144768102496,1.6092463264425,0.108245546783872,0.00110946189467273,0.000275466356378621,4.02757675840385,6.58711983532334e-05,9.60800871047328e-05,0.000106929870337525,0.898533653893481,0.369369152625865,0.998158355991294,466,0.00279314434299419,0.2128217529988,0.000764105900897507,0.751698626396497
"exon","AT_Rate",0.0741168138656595,0.0508586793814717,1.45730905259528,0.145710438108794,-0.000367799610520954,0.000320626005104183,-1.1471296921204,0.2519217343017,-0.000599088087232791,0.000676376883256351,-0.885731168617916,0.376223184762364,-0.000192645916565555,0.000261776249239296,-0.735918239814998,0.462153917522826,0.998300934875342,466,0.207491677456156,0.379518456870093,0.525805896776316,0.837653975510122
"exon","CA_Rate",0.0738946147598861,0.0189653057001391,3.89630496487828,0.000112108855899412,0.00033057092844826,0.000129478578222764,2.55309359266769,0.0109973900711925,0.000388559718160866,0.000269910122004573,1.43958927985029,0.150660844884233,0.000160765686347331,0.000105303598133269,1.52668749403862,0.127523026655625,0.997874909237691,466,0.00136948330132622,0.042523241608611,0.29127763344285,0.568948888155865
"exon","CC_Rate",0.0426991563887791,0.0427761283895926,0.998200585146172,0.318704622979812,7.36674608634817e-05,0.000248247155254763,0.296750473486315,0.766790382190184,0.000331978249184305,0.000530418722451473,0.625879583680565,0.531702995700422,0.000123220016910893,0.000203414253445714,0.605759010608256,0.544972264181529,0.998658498200984,466,0.344648503051486,0.808615312127831,0.64923734211841,0.887919051527268
"exon","CG_Rate",0.034204956681116,0.0455254110410213,0.751337679308269,0.452832002369401,-0.000186152355817975,0.000341299726016205,-0.545421931599021,0.585726582434701,0.000278163353263334,0.000701976534505291,0.396257338515406,0.692098142989046,3.82769708378e-05,0.000276162939219008,0.138602851439979,0.889824382477424,0.997247982333392,466,0.456769671955222,0.673524935709048,0.757390420629522,0.969407325092801
"exon","CT_Rate",0.0556714141902551,0.0224116866492502,2.48403500644686,0.0133436841072872,7.02368892314773e-05,0.000145028501155007,0.484297146230642,0.628404500754721,-0.000149586029898562,0.000304740029811442,-0.490864393467176,0.623755432826342,-0.000134078901246108,0.000118263845218294,-1.13372688837085,0.257497074904516,0.998170914106133,466,0.0342742146411891,0.707717690170366,0.716392378295601,0.649340449759214
"exon","GA_Rate",0.0796751913204819,0.0186093712981003,4.28145529712847,2.25932774136377e-05,-1.31404867016446e-05,0.000117243547678655,-0.112078548984721,0.910809803987247,0.000606500016468397,0.000247355143774355,2.45194018290424,0.0145779141875254,8.45103531052628e-05,9.57267230252194e-05,0.882829271017649,0.377787645997773,0.998303992792779,466,0.000374402882854568,0.926788923355445,0.0545496143791272,0.755575291995545
"exon","GC_Rate",0.0498041623614596,0.0489214267593729,1.01804394639651,0.309189889182565,0.000194150577535933,0.000243879461615764,0.796092365669644,0.426387210144999,0.000669510054847155,0.000533886579051804,1.25403050220184,0.210465053744008,-7.30086327026192e-05,0.000200966240290649,-0.363288045778386,0.716555886588657,0.99914054700037,466,0.344648503051486,0.543526553591427,0.358696754590471,0.938981050881708
"exon","GG_Rate",0.05041502575004,0.0362654939761015,1.39016514660638,0.165148113376901,0.000434353270364928,0.00018569456792606,2.33907364774332,0.019756938567969,0.000283360970712842,0.000404753360453333,0.700083058965765,0.484227807475075,-4.45277035947956e-05,0.000152879380200855,-0.291260361837512,0.770982918498917,0.999069333132093,466,0.214293768229121,0.0587642275354976,0.603983071689341,0.943647020528443
"exon","GT_Rate",0.0523719951165711,0.0154367933467338,3.39267320227825,0.000751676011807095,0.00015347320470401,8.18093322762914e-05,1.87598652175391,0.0612874065909957,-0.000141429997360411,0.000177332887984403,-0.797539582013969,0.425547431665969,-5.25462632941629e-05,6.72700772802041e-05,-0.78112387288168,0.435129714124234,0.998969894957005,466,0.00512908337468371,0.145088554378684,0.554646090710701,0.835447227309176
"exon","TA_Rate",0.0483873495166767,0.0535706061055998,0.903244391547377,0.366866903992267,-0.000189444825475107,0.000291603906380388,-0.649664909591377,0.51623156493409,-8.39539064869003e-05,0.000629392763642351,-0.133388738060876,0.893944032484007,-0.000100324622199579,0.000239542856227379,-0.418817007443332,0.675544511316666,0.998885888463606,466,0.386877826028208,0.617349087962417,0.911980672789878,0.938981050881708
"exon","TC_Rate",0.0573465323632453,0.0228730977208491,2.50716072930399,0.0125127209405918,-0.000235720051199821,0.000158611918521381,-1.48614337054403,0.137923269683947,-0.000615126031710883,0.000329887998144355,-1.86465113969291,0.0628641795151482,-4.96816193656563e-05,0.000128893091143783,-0.385448272865421,0.7000827291474,0.997780673723831,466,0.0329880824797421,0.238792526616982,0.162049884972382,0.938981050881708
"exon","TG_Rate",0.0766102652535046,0.0122999584418043,6.2284978941983,1.06004028741171e-09,0.000557696779457317,0.000145400219206754,3.83559792756772,0.000142651428128269,0.000378908971375937,0.000282776604667762,1.33995869927472,0.180917432005621,-0.000191652181225047,0.000113965221462829,-1.68167252048518,0.0933081339332797,0.990839303013323,466,6.1482336669879e-08,0.00551585522095974,0.322868032502338,0.491988342557293
"exon","TT_Rate",0.076743145124554,0.0579899447130172,1.32338710623615,0.186361202118586,-0.00039537390426164,0.000364632758156706,-1.08430714305631,0.27879415229495,-0.00204399591629119,0.000769515710819462,-2.65621076678802,0.0081757818073086,6.67017894125389e-07,0.000297741407740432,0.00224025908652547,0.998213500342488,0.998313411038209,466,0.236906144183595,0.404251520827678,0.0364765649864538,0.998213500342488
"genome","AA_and_TT_Rate",0.21948477494768,0.126557415554795,1.73427036247157,0.0835371427067313,-0.00164380320108194,0.000809678496179331,-2.03019248854778,0.0429093623274566,-0.00219753902364842,0.00170425611993956,-1.28944176754744,0.197889705264895,-0.000180025989997421,0.000660611722186266,-0.2725140713544,0.785348528296099,0.998228784276991,466,0.153814421491759,0.105903958084787,0.342615012100416,0.943647020528443
"genome","AC_and_GT_Rate",0.108722406194269,0.0363949962582099,2.98728994015883,0.0029643797570232,0.000716659408220597,0.000261965836585879,2.7356979732953,0.00646444793915532,0.000821618316864904,0.000541921640858103,1.51612014527399,0.130172864713029,0.000470855130718131,0.000212456186313724,2.21624580054751,0.0271611314583476,0.997539343833209,466,0.013227170329041,0.0326033026496529,0.264913198363358,0.350076805463147
"genome","AG_and_CT_Rate",0.110209332618645,0.0342621047890678,3.21665388910404,0.00138801430804246,0.000687144477105222,0.000243070573766749,2.8269340317788,0.00490356072239116,-0.000498679393052251,0.000503879898801629,-0.989679076776537,0.322849039502084,0.000118873393566408,0.000197287359597511,0.602539330491947,0.547110814847326,0.997635780324663,466,0.00894498109627362,0.0283215761868552,0.499339847763223,0.887919051527268
"genome","AT_Rate",0.0905089154475573,0.0449505573597905,2.01352153930176,0.0446391570451779,-0.00090541070567164,0.000358424111187997,-2.52608760797552,0.0118671812106708,0.000114450798340547,0.00073095112950626,0.156577907496846,0.875645913115482,-0.000714149604814891,0.000288953679610601,-2.47150202682067,0.0138141706184167,0.996744562032724,466,0.0958915225414932,0.0430185318886816,0.906918981441035,0.300610112260766
"genome","CA_and_TG_Rate",0.130813218461197,0.0477257994326138,2.74093299675154,0.00636399740655,0.000145257368204832,0.000218712408528249,0.664147814850982,0.506927024571573,-0.00131264601117339,0.000485405481973619,-2.7042257657171,0.00709908345172887,0.000266364059235611,0.000180719371601737,1.47390983531425,0.141186898634411,0.99933317638285,466,0.020856401202725,0.612536821357318,0.0358040730608934,0.584917151485419
"genome","CC_and_GG_Rate",0.0771254024323195,0.0509718695914939,1.51309738195654,0.13093867664584,0.000710199977683033,0.000431291035051303,1.64668383983115,0.100303047236605,0.00182311552388348,0.000872610040832488,2.08926718531016,0.0372302041973242,0.000560760973332532,0.000346388400023396,1.61887919253259,0.106155675315237,0.99617952076026,466,0.204724683286174,0.20060609447321,0.10796759217224,0.535393840720325
"genome","CG_Rate",0.0310933677749226,0.0239996026046852,1.29557844298857,0.195767698200779,5.57593553425398e-05,0.000248861867304683,0.224057449807179,0.822811649149355,0.000780589472879151,0.000491029484875761,1.58969979791876,0.112586528296797,6.00497385365957e-05,0.00019702189901068,0.3047871269038,0.760665537341028,0.99346374743233,466,0.239042663066215,0.852197779476118,0.246415797781669,0.943647020528443
"genome","GA_and_TC_Rate",0.116879402065592,0.0373291459645333,3.13104945333172,0.0018523005896987,0.000125158549217272,0.000229903228884984,0.544396656907706,0.586431194022534,-0.00237051432031797,0.00048672256656714,-4.87036041299098,1.5326137054172e-06,4.62641807832023e-05,0.000187904244647991,0.246211472603351,0.805627885206454,0.998409790984958,466,0.0107433434202525,0.673524935709048,2.53975985469136e-05,0.943647020528443
"genome","GC_Rate",0.0389542042674219,0.0268976006131639,1.44824086087283,0.148227999717712,0.000358693723975199,0.000236597869661714,1.51604798677206,0.130191105227565,0.000944727215690189,0.000476291372833258,1.98350688166028,0.0479023758367278,-1.64048909095082e-05,0.000189532138116622,-0.0865546659923921,0.931063001340319,0.995761546410792,466,0.207491677456156,0.232341049329193,0.135528673099035,0.990575355696903
"genome","TA_Rate",0.0760338495355114,0.0501145033965521,1.51720249393397,0.129899502991971,-0.000435762745315182,0.000328604460924777,-1.32610112500857,0.185461425345816,0.00195138363826251,0.000689113610412187,2.83172993361038,0.00483187275125492,-0.00052424170742581,0.000267790743603018,-1.95765432506122,0.0508721677989592,0.998101770549853,466,0.204724683286174,0.298798963057148,0.0294998546918722,0.413367302434189
"intergenic","AA_and_TT_Rate",0.221620179364328,0.134177151194594,1.65169835095781,0.0992755335019752,-0.00181089587839394,0.000869062526722338,-2.08373485533166,0.0377333073506125,-0.00410524431368549,0.00182586235504207,-2.24838652396167,0.0250221704044578,-0.000116216225968499,0.000708648425208325,-0.163997014364823,0.869805214108148,0.998166241039051,466,0.171880028152673,0.0972680811704678,0.0821533918123136,0.969407325092801
"intergenic","AC_and_GT_Rate",0.10817183739651,0.0387690328296899,2.79016084491203,0.00548611697272758,0.000734623830821735,0.000282696902679753,2.59862709445366,0.00965891467980005,0.00141391702537611,0.000583726081744965,2.42222691360546,0.0158094862162465,0.000520073600450517,0.000229104643184199,2.27002645263886,0.0236658438804441,0.997449794733281,466,0.0192845323889818,0.0400155036734573,0.0555727394268057,0.350076805463147
"intergenic","AG_and_CT_Rate",0.109517502067076,0.0360377728465255,3.03896421494966,0.0025085666040623,0.000756516783555409,0.000267705728087078,2.82592677026818,0.00491873912293687,-0.000229641624740305,0.000551320501141651,-0.41653017485251,0.67721553619797,0.000214119775841848,0.000216728246194552,0.987964326761717,0.323687246812864,0.997316296426908,466,0.0126519011335316,0.0283215761868552,0.757390420629522,0.750262497953174
"intergenic","AT_Rate",0.0912428099670146,0.0471159301409229,1.93655966663736,0.0534086421728278,-0.000959537203435199,0.000395094740878036,-2.42862560332435,0.0155367731058768,-0.000611539527420594,0.000800322679016977,-0.764116203943811,0.44518806504214,-0.000804426181611327,0.000317503437913622,-2.5335983348633,0.0116193374849495,0.996270690244104,466,0.110632187358,0.051493305150906,0.567492478515255,0.300610112260766
"intergenic","CA_and_TG_Rate",0.128977513413413,0.0455179882024499,2.83355039418178,0.00480491099318405,0.000281869016231679,0.000252339064207392,1.11702489314147,0.264564251161872,-0.000769373385365723,0.000543064474123189,-1.41672567812123,0.157237074105531,0.000245430674525856,0.000207144021899468,1.1848310768291,0.236693369561607,0.998824951557782,466,0.018578989173645,0.393454527368938,0.299008206495764,0.649340449759214
"intergenic","CC_and_GG_Rate",0.0766109398343704,0.0540200851219901,1.41819361560362,0.156808401399559,0.000749257529870568,0.000454148823745162,1.64980616638347,0.0996622630209853,0.00252107658226111,0.00091963563028321,2.74138637003954,0.00635536465703811,0.00051567971296572,0.000364899589613742,1.41320990114454,0.158267386869351,0.99624500714289,466,0.21150900653894,0.20060609447321,0.0351058238198296,0.592226350865959
"intergenic","CG_Rate",0.0315116150715056,0.0250772835120685,1.25658008597066,0.209540699372851,0.00011748873761964,0.00025472508999449,0.461237397628094,0.644845360346382,0.00134981992744933,0.000503805901631968,2.67924596174218,0.00764216586143745,-3.10880995171784e-05,0.000201974428705847,-0.153920967700593,0.877739262331087,0.99380576380602,466,0.250584753889182,0.719250594232503,0.0363555007408972,0.969407325092801
"intergenic","GA_and_TC_Rate",0.116437787534269,0.039598464416946,2.9404621933885,0.00344167047929429,0.000224913760915631,0.000247325507058619,0.909383603779789,0.363621831657656,-0.00213257023227242,0.000522485260315439,-4.08158927006846,5.2700934006697e-05,-1.10460947652922e-05,0.000202015963536543,-0.0546793162872695,0.956417584810803,0.998345156759994,466,0.0147864361332644,0.490466656654513,0.000679256482752983,0.990575355696903
"intergenic","GC_Rate",0.0385458882085058,0.0257523398669013,1.49679168602646,0.135130301925631,0.000392406582511709,0.00025360391965449,1.54732065279718,0.122470644471688,0.0014625513892477,0.000503430194892531,2.90517216505044,0.00384664469098255,-4.54655512297629e-05,0.000201544795924049,-0.225585339583247,0.821623698908386,0.994287540972146,466,0.204724683286174,0.2255015041066,0.0257278083735454,0.943647020528443
"intergenic","TA_Rate",0.0772987399721946,0.0510030401598356,1.51557122340065,0.130311673393617,-0.0005175872352622,0.000370765582156421,-1.39599590731115,0.163386172342357,0.00129846230206135,0.000765908981548228,1.69532194208848,0.0906881401815536,-0.000507161207978076,0.000300529068229461,-1.68756124313022,0.0921704202792337,0.997471251936969,466,0.204724683286174,0.278717588113432,0.209019276790239,0.491988342557293
"intron","AA_Rate",0.107848359376617,0.0710854139685541,1.51716580597428,0.129908761704033,-0.000714691378520932,0.000403939941515708,-1.76930108926389,0.0775032941317466,-0.00131939750597457,0.000865938590611431,-1.52366174724117,0.12827741667796,0.000200413856694932,0.000331271422485889,0.604983838300961,0.545486762217905,0.998737608822655,466,0.204724683286174,0.166488557764493,0.264913198363358,0.887919051527268
"intron","AC_Rate",0.0506619082964311,0.0111966247489153,4.5247482551685,7.69941724465299e-06,0.000379563039029643,0.000161861055185693,2.34499298546024,0.0194497857678689,0.00155449910739017,0.000308742967180155,5.03492961017991,6.86423773776709e-07,0.00048181706936398,0.000124934430218325,3.85655954505094,0.000131311016573088,0.984789684477747,466,0.000215053595071899,0.0587642275354976,1.59250315516196e-05,0.0152320779224782
"intron","AG_Rate",0.0538485401983109,0.0220231418365487,2.4450889250028,0.0148541042276053,0.000326147728573469,0.000127651070369965,2.554994075868,0.0109383767803404,0.000728578347668193,0.000272799238729272,2.67074919659597,0.00783523722864163,5.2475998815209e-05,0.000104602874043424,0.501668804945309,0.616139484953886,0.998663272136431,466,0.0358974185500461,0.042523241608611,0.0363555007408972,0.893402253183135
"intron","AT_Rate",0.0944011917933619,0.0538491329749172,1.75306799902115,0.0802535502800738,-0.000480065374458445,0.000364603643212549,-1.31667739309611,0.1885995525203,-0.00335392499619317,0.000760976139602198,-4.40739836855652,1.30214280222041e-05,-0.000664154042332852,0.000296653867026921,-2.23881808448693,0.0256431056091134,0.997923411637747,466,0.150151803749816,0.299692439621298,0.000188810706321959,0.350076805463147
"intron","CA_Rate",0.0636815255599787,0.0221860830751449,2.87033656839234,0.00428855173476674,0.000326788469363809,0.000152765845588561,2.13914614294046,0.0329473683295413,0.000472703581708755,0.000318056579139117,1.4862248188301,0.137901738311903,0.000308826499088638,0.000124188114930252,2.48676372342139,0.0132431521250347,0.99782379510041,466,0.017154206939067,0.0868612437778815,0.275803476623806,0.300610112260766
"intron","CC_Rate",0.0352895584554748,0.0275046880213194,1.28303794713546,0.20012203820498,2.69508697790455e-05,0.000229927786222625,0.117214496872294,0.906741017431822,0.00297667874870316,0.000465943708305195,6.38849435166839,4.09349177092967e-10,0.000382588885707163,0.00018481020265682,2.07017188557281,0.0389913141570232,0.996301690801091,466,0.241814129497684,0.926788923355445,2.37422522713921e-08,0.390764102032909
"intron","CG_Rate",0.0251867047329861,0.0241623804328938,1.04239335205143,0.297774496821688,-0.000330218714138455,0.000254143335073074,-1.29934044519998,0.194475131492382,0.00193627121344584,0.000500630496013909,3.86766533174209,0.000125653558569734,0.000170711739499887,0.000200988013071729,0.849362789804599,0.396119353768364,0.993217439452994,466,0.338503556586339,0.304852908825896,0.00132507389037174,0.778810932832717
"intron","CT_Rate",0.0550467845254027,0.018217660054478,3.02161662698673,0.00265387200910883,0.000307062046952603,0.000165476473759851,1.85562358186475,0.0641438694776549,0.00031324449397671,0.000331761447199428,0.944185940292251,0.345568141022598,2.59516614719786e-05,0.000132267564933751,0.196205785484726,0.844535372820991,0.995383644833484,466,0.012827048044026,0.148813777188159,0.513016048144718,0.960451992619951
"intron","GA_Rate",0.0551080474703188,0.0204200032637155,2.6987286318529,0.00721552064324913,-3.92589338543979e-05,0.000136726890825316,-0.28713396185214,0.774138484895378,0.000164477543122309,0.000285837670691803,0.57542290602995,0.565285461376143,5.66123920649336e-05,0.000111308237216116,0.508609187251929,0.611268971671844,0.997987123547327,466,0.0220263261741289,0.809009587818593,0.669113403261557,0.893402253183135
"intron","GC_Rate",0.0361391010704296,0.0363384527006252,0.99451403085767,0.320493262158942,0.000176861742045821,0.000201332823223818,0.878454586856944,0.380153698718346,0.00221907545575481,0.000433332898020061,5.12094850378076,4.4713181594266e-07,6.35453275264824e-05,0.000165276936663683,0.384477887896656,0.700801191704479,0.998826943249065,466,0.344648503051486,0.506871598291128,1.29668226623371e-05,0.938981050881708
"intron","GG_Rate",0.035649348517122,0.0237599367043784,1.50039745310233,0.134194540149869,0.000139721353007705,0.000229388153268622,0.609104485200184,0.542754579763007,0.00356735251556651,0.000456447391667336,7.81547354786166,3.72949738254901e-14,0.000375198444732511,0.00018256287747204,2.05517381149941,0.040423872624094,0.99457723688609,466,0.204724683286174,0.642444196454171,4.32621696375685e-12,0.390764102032909
"intron","GT_Rate",0.057260379396544,0.0131903952727498,4.34106622375745,1.7435248361525e-05,0.000819247609620235,0.000184920677144011,4.43026503186676,1.17648136337539e-05,0.000660725574029041,0.000353694234680746,1.86806995772897,0.0623851102234461,0.000188388241515734,0.000143059144957696,1.31685563737601,0.188539834416152,0.985909898554083,466,0.000337081468322817,0.00130058834359203,0.162049884972382,0.634122453509361
"intron","TA_Rate",0.0801488260370645,0.0573406729521727,1.39776570295776,0.16285419748001,-0.000187767358791985,0.000351441741656023,-0.534277339701339,0.59340666290572,-0.00182783765153247,0.000744582522207826,-2.4548489885481,0.0144620337612749,-0.000556274340800952,0.000287301958404453,-1.93620100569537,0.0534526684182142,0.998431583799564,466,0.214293768229121,0.67485463624572,0.0545496143791272,0.413367302434189
"intron","TC_Rate",0.0571274179589271,0.0149183271173935,3.82934477233184,0.000146209735476867,-0.000129979108431044,0.000159474568622648,-0.815045994816913,0.415465935064445,-0.000669187685127825,0.000313567128663937,-2.13411299832076,0.0333594270660318,6.77240033712022e-05,0.000125965440477536,0.537639555059388,0.591084787096107,0.992926733112422,466,0.00141336077627638,0.543526553591427,0.0992229112733255,0.890465393547382
"intron","TG_Rate",0.0692547078292611,0.0267651819368208,2.58749251145524,0.00997201817751035,0.000559123577539099,0.000183724952672827,3.0432642349609,0.00247369664072269,-0.000508447040546313,0.000382686763552919,-1.32862458012871,0.184627721423655,-4.89745310406308e-07,0.000149379765927345,-0.00327852508916442,0.997385535280904,0.997842506103574,466,0.0282135148436878,0.0226694202861507,0.324497207350667,0.998213500342488
"intron","TT_Rate",0.123225378944519,0.0676159773782225,1.82242990077974,0.0690360521323336,-0.000646451662831177,0.000558107689269729,-1.15829198425315,0.247343300251653,-0.00640417869176837,0.00113290046704843,-5.65290497977577,2.76555949588019e-08,-0.000675754082200636,0.000448959211287659,-1.50515696128053,0.132967068999498,0.996425976282221,466,0.133469700789178,0.377523984594628,1.06934967174034e-06,0.571265926071919
"upstream1","AA_Rate",0.112597084249738,0.0761407998985728,1.47880091094037,0.13987499702123,-0.000819262254433747,0.000378363586697229,-2.16527774669112,0.0308775682654676,-0.000769192647334044,0.000828719784305874,-0.928169764860037,0.353804171134288,0.000426264743988442,0.000311819887389815,1.36702231392816,0.1722830904679,0.999148681775483,466,0.207491677456156,0.0832976260184706,0.513016048144718,0.624526202946138
"upstream1","AC_Rate",0.0508595963985742,0.0185298548378765,2.74473798330104,0.00629187336124626,0.000313818633919991,0.000119496233222291,2.62618013520321,0.00892159944157624,0.000289491228286998,0.00025122068925087,1.15233832512063,0.249777984859148,0.00017762013828704,9.74595154669843e-05,1.82250175815014,0.0690251384292653,0.998188580200421,466,0.020856401202725,0.0398040590470324,0.408087975262834,0.470995062223222
"upstream1","AG_Rate",0.0521186007686571,0.0242670577460485,2.1477099248731,0.032256304150578,0.000326212746205526,0.000123026260535967,2.65157003703414,0.00828725017773782,0.000224229355721047,0.000268588986019264,0.834841960738347,0.404238182197688,6.00800487905037e-05,0.000101320435449065,0.592970692676371,0.553490909313821,0.999096426143219,466,0.0719563707974433,0.0398040590470324,0.53898424293025,0.887919051527268
"upstream1","AT_Rate",0.0966117852270489,0.0516001269003773,1.87231681452207,0.0617942333486211,-0.00047565832834158,0.000356117989411713,-1.33567621542327,0.182312745607971,-0.00133001002523606,0.000741184388970261,-1.7944387996135,0.0733968021590563,-0.000411952964977105,0.000289464818894693,-1.42315382764001,0.155366477150295,0.997809848596614,466,0.123839243448075,0.297863077331333,0.185087588053272,0.592226350865959
"upstream1","CA_Rate",0.0621996137973681,0.0251069561746506,2.47738568405868,0.0135914989094371,0.000172519402824666,0.00012576708543369,1.3717373049535,0.170810994585863,-0.000616532355390261,0.000275106437197329,-2.24106844489442,0.0254958802176146,9.60079716958584e-05,0.00010362009348536,0.926538169061035,0.354650119650108,0.999128088561735,466,0.0342742146411891,0.287160512637103,0.0821533918123136,0.750262497953174
"upstream1","CC_Rate",0.0331441983986614,0.0193377888804089,1.71396009148904,0.0872067903846748,0.000187813102969142,0.000255551418894713,0.734932734012801,0.462753342225849,0.00165855198592387,0.000491480366180344,3.37460476562614,0.000801513117510452,0.000390872561278159,0.000198587286363587,1.96826578597042,0.0496349732959627,0.987849239425277,466,0.158062307572223,0.571057315938281,0.00731341465802122,0.413367302434189
"upstream1","CG_Rate",0.0275098563089344,0.0236890363968628,1.1612906429819,0.24612336431063,-8.68029947948006e-05,0.000239229172934692,-0.362844521552133,0.716886972581634,0.000818544000478781,0.000473480265377139,1.72878166279389,0.0845162434013273,0.000107677291792968,0.000189769299160407,0.567411547965674,0.570710210249751,0.993899002593763,466,0.29132969653095,0.762925585499721,0.201048028108963,0.887919051527268
"upstream1","CT_Rate",0.0529982156922991,0.020615536604051,2.57079001678204,0.0104587091284133,0.0003011028479865,0.000165786038851874,1.81621353686802,0.0699855912296473,0.000197820508540981,0.000337706382991192,0.585776634687241,0.558311663249371,-8.29677868787525e-05,0.000133582712642068,-0.621096736529547,0.534842281740141,0.996668767436776,466,0.028546191057646,0.15612170351229,0.667671679762134,0.887919051527268
"upstream1","GA_Rate",0.0547816888330131,0.0189375968658253,2.89274765014519,0.00399925741824978,0.000106020799898687,0.000137944110428789,0.768577937609143,0.442536600986899,-0.000387320021704569,0.000284876313223842,-1.3596076743672,0.174617289547927,2.53742608674976e-05,0.000111799930321142,0.226961329891806,0.820554203086246,0.997457184282642,466,0.0165683521613205,0.557980931679134,0.316493837305617,0.943647020528443
"upstream1","GC_Rate",0.0361914713787587,0.0329388768049281,1.09874637174465,0.272450963179658,0.000247947745124896,0.0002029283234993,1.22184888166068,0.222387836554918,0.00106800703956577,0.00042959390149022,2.48608519781347,0.0132680875564763,-9.74263752127072e-06,0.00016585481171716,-0.0587419648571022,0.953183032820974,0.998408365349469,466,0.316043117288404,0.343959853871606,0.0545496143791272,0.990575355696903
"upstream1","GG_Rate",0.0333785220625708,0.0255473377823853,1.3065362170764,0.192020294632156,0.000446405844115776,0.000179583257546628,2.4857876520024,0.0132790353240349,0.00185375629169528,0.000372767580308549,4.97295470319839,9.31304514829757e-07,8.09225424156974e-05,0.00014583010877307,0.554909703466128,0.57922497413494,0.997695282433258,466,0.239042663066215,0.0466778211390316,1.8005220620042e-05,0.887919051527268
"upstream1","GT_Rate",0.0569678059368298,0.020207013940207,2.81920951336001,0.00502105628730276,0.000451151505538143,0.000160416716090853,2.81237215504792,0.0051271818958962,0.000565733228174967,0.000327341390440361,1.72826671083026,0.0846085790192388,-5.14359223382396e-05,0.00012935954501231,-0.397619845782118,0.691094077894066,0.996783237895401,466,0.0187884686879716,0.0283215761868552,0.201048028108963,0.938981050881708
"upstream1","TA_Rate",0.0825136651128669,0.0595121205318174,1.38650184828739,0.166262406384663,-0.000153725845441092,0.000346185228609898,-0.444056628465564,0.657209555222416,4.69736888989825e-05,0.000739406952312184,0.0635288710122241,0.949372846587687,-0.000258703658284779,0.000283637513973827,-0.912092531979572,0.362195688667049,0.998649394793384,466,0.214293768229121,0.726060080055241,0.949372846587687,0.750262497953174
"upstream1","TC_Rate",0.0557640614268231,0.0186673245112696,2.98725515770394,0.00296471059099194,-0.000113453367480215,0.000163871410239441,-0.692331672220564,0.489076884568791,-0.000722881398978732,0.00032997236023794,-2.19073318279588,0.0289700002799965,-3.16837291435111e-05,0.000131290832247224,-0.241324764274857,0.809410485474206,0.995784289086102,466,0.013227170329041,0.597188616947155,0.0908248657426919,0.943647020528443
"upstream1","TG_Rate",0.0681021865948665,0.0277993320655711,2.44977780164761,0.0146645901463758,0.000389527904852567,0.000177286658768388,2.19716422859239,0.0285044921715719,-7.07539363802726e-05,0.00037334237172821,-0.189514884294411,0.849772521664967,-0.000167501843344856,0.000144668740647831,-1.15783024442445,0.247531525317085,0.998244637422646,466,0.0358974185500461,0.0787266926643415,0.888050563181406,0.649340449759214
"upstream1","TT_Rate",0.124303188843647,0.0795853182966238,1.56188592951723,0.11899956497547,-0.00115992771857088,0.000416863352421159,-2.78251305094097,0.00561487593661194,-0.00176462222532743,0.000905308830900023,-1.9491936509369,0.0518770752214648,-8.00716994347935e-05,0.000342922485798353,-0.233497955808817,0.815478179153191,0.999004785868731,466,0.202999257899332,0.0296057094839539,0.143279541087855,0.943647020528443
"upstream2","AA_Rate",0.106594881011388,0.0739711290541526,1.44103358126862,0.150252594019975,-0.000948396842653785,0.000397858440344734,-2.38375448773193,0.0175399679471815,-0.0011725931068555,0.000860373431114658,-1.36288856030381,0.173581530194029,0.000609627325029572,0.000326973379355088,1.86445552916871,0.0628916819010804,0.998924232275313,466,0.207491677456156,0.0563087235313685,0.316493837305617,0.455964693782833
"upstream2","AC_Rate",0.0511746541508383,0.0167601568084201,3.05335175176457,0.0023936336162696,0.000275698680402642,0.000108644111318371,2.53763114316185,0.0114881705312022,0.000213250349170145,0.000228228455675451,0.934372309268021,0.350599969948617,0.000111755238642623,8.85867883983843e-05,1.26153392241795,0.207753120340445,0.998162009338899,466,0.0126209772494215,0.0429879929554664,0.513016048144718,0.649340449759214
"upstream2","AG_Rate",0.0614253130962634,0.0159159537487987,3.85935483765148,0.000129864795815417,0.000407309234223083,0.000133615350549472,3.04837155722069,0.00243285837748739,0.000641433503709649,0.000270617308786653,2.37026044854854,0.0181852457950428,0.000183939649297606,0.000107367229285537,1.71318241628858,0.0873498542922835,0.99625936263886,466,0.00136948330132622,0.0226694202861507,0.0620437797713226,0.491988342557293
"upstream2","AT_Rate",0.0858717808696284,0.0482807921863221,1.77859096715393,0.0759643467324266,-0.000494210203277525,0.000313614397100836,-1.57585304707367,0.115744151097135,-0.00074636811751044,0.000658605710427842,-1.13325485293103,0.257694987175876,-0.000304096667784866,0.000255691253190333,-1.18931196898824,0.234927805476376,0.998151338269593,466,0.144456790507565,0.216672376875784,0.41517525711669,0.649340449759214
"upstream2","CA_Rate",0.0648555556224761,0.0211544221037963,3.06581552094668,0.00229799918886178,0.000111443378394234,0.000119739687057055,0.930713793674208,0.352487700068551,-0.000191261533973066,0.000256847996199823,-0.744648729220639,0.456862705441966,0.000116381142727428,9.82138779413456e-05,1.18497655491144,0.236635900785498,0.998751823203237,466,0.0126209772494215,0.48104203774061,0.576044280774653,0.649340449759214
"upstream2","CC_Rate",0.0357421695429977,0.0359680690902971,0.993719441910203,0.320879640772074,9.07678873623427e-05,0.000226153473907175,0.40135526460937,0.688344154870446,0.000383316802895031,0.000477273842486253,0.803138091327669,0.422307911031218,0.000171545881085378,0.000184666276497483,0.928950777256375,0.353399685602187,0.998313596302241,466,0.344648503051486,0.739332610786776,0.554646090710701,0.750262497953174
"upstream2","CG_Rate",0.0319302634626437,0.02900166439788,1.10098037907706,0.271478479680793,-9.90461069499778e-06,0.000287405307166567,-0.0344621704889309,0.972523492018956,0.00049628649440397,0.000570101360278235,0.870523259516097,0.384466600921205,-1.5494442216149e-05,0.000228302358290538,-0.0678680778077236,0.945920012049953,0.99419263002593,466,0.316043117288404,0.972523492018956,0.529788118677168,0.990575355696903
"upstream2","CT_Rate",0.0517954131455248,0.01906763722322,2.71640437350307,0.006847129985161,0.000172781136081387,0.000164265803397348,1.05183874250102,0.293423377986259,-0.000211133502101957,0.000331571383741305,-0.636766356974537,0.524592417570197,-0.000126139616419963,0.000131772697819292,-0.957251528635667,0.338940956898604,0.995990925921045,466,0.0214666777913156,0.420211257363038,0.647369366363221,0.750262497953174
"upstream2","GA_Rate",0.065750925006599,0.0158346048260273,4.15235654624764,3.91975157629428e-05,0.000274726188236776,0.000123413192025831,2.22606824867859,0.0264912462443851,-0.000406895663877052,0.000252467687718072,-1.61167422078752,0.107715755168155,1.00870525529835e-05,9.96314708286764e-05,0.101243637869493,0.919400979483279,0.996940095227403,466,0.000568363978562671,0.0749508430328946,0.240288992298192,0.987504755741299
"upstream2","GC_Rate",0.0412807181446921,0.0431036007125213,0.957709273988803,0.338710270501585,0.000229215738090671,0.000210574086742698,1.08852775589027,0.276929688738478,0.000781146296028398,0.000462493619579063,1.68898826483132,0.0918964061750187,-9.99147000103539e-05,0.000173638430855963,-0.575418123268087,0.565288692507676,0.999190989046684,466,0.360462306221871,0.404251520827678,0.209019276790239,0.887919051527268
"upstream2","GG_Rate",0.0419501343816027,0.0289613053055693,1.44848907668314,0.148158647752572,0.000497743798562938,0.000168252248993706,2.95831884292708,0.00325194853464101,0.00121069469902613,0.000359437592257825,3.36830294077227,0.000819606815123067,2.11322074859418e-05,0.000137860255554303,0.153287163156446,0.878238751435739,0.998654401538818,466,0.207491677456156,0.0244156931830743,0.00731341465802122,0.969407325092801
"upstream2","GT_Rate",0.0576894001290437,0.0206278611367758,2.79667386485329,0.0053785777565105,0.000509794288400182,0.000139816348168175,3.64617081678452,0.000296444450462698,0.000866987180669769,0.000291769584897841,2.97147895306953,0.00311829870715365,-2.70161105309345e-05,0.000113753167429705,-0.237497655154345,0.812376020759969,0.997917245280272,466,0.0192845323889818,0.00621313204550589,0.022607665626864,0.943647020528443
"upstream2","TA_Rate",0.0678559793175671,0.0522279362788947,1.29922765768916,0.194513791988737,-0.000249248467638723,0.000306929936560462,-0.812069589665534,0.417169914792605,0.000769790366771186,0.000654519108672098,1.17611595532016,0.240154213163371,-0.000151892602002204,0.000251368257213446,-0.604263257763795,0.545965243301165,0.998609172308838,466,0.239042663066215,0.543526553591427,0.397969838956443,0.887919051527268
"upstream2","TC_Rate",0.0562422819432213,0.017857031835209,3.14958737052412,0.00174103820727376,-0.000282572801707379,0.000166669426158781,-1.695408739442,0.0906716714620959,-0.000812180850191018,0.000333021841532621,-2.4388215693398,0.0151107965578744,-7.65615741919054e-05,0.000132967852085872,-0.575790110097147,0.565037412761204,0.995039282813719,466,0.0106294964233556,0.18781989088577,0.0547766375222948,0.887919051527268
"upstream2","TG_Rate",0.0716187996466225,0.0261834248478929,2.73527241232486,0.00647267623532843,0.000596737580603918,0.000164628122987049,3.62476088396428,0.000321368898905477,-0.000119962174485915,0.00034743190571244,-0.345282550374648,0.730039112303827,-0.000193443736732236,0.000134427694202337,-1.43901699631231,0.150822842835431,0.998313690480486,466,0.020856401202725,0.00621313204550589,0.784116083585592,0.592226350865959
"upstream2","TT_Rate",0.108209324157366,0.0639718248925314,1.69151535600478,0.0914127700450598,-0.00128410956726906,0.000435687716691433,-2.94731643347775,0.00336768181835508,-0.00113214100305625,0.0009085545141268,-1.24609033960316,0.213362724713297,-0.000106861284765483,0.00035438435113559,-0.301540642026254,0.763137941200245,0.997889200667911,466,0.160664868564044,0.0244156931830743,0.358696754590471,0.943647020528443
